                  epoch,         train/box_loss,         train/cls_loss,         train/dfl_loss,   metrics/precision(B),      metrics/recall(B),       metrics/mAP50(B),    metrics/mAP50-95(B),           val/box_loss,           val/cls_loss,           val/dfl_loss,                 lr/pg0,                 lr/pg1,                 lr/pg2
                      1,                 2.3569,                 2.6468,                  2.202,                0.24338,                0.35032,                0.18553,                0.07604,                 1.9707,                 3.5062,                 2.0568,             0.00065993,             0.00065993,             0.00065993
                      2,                 1.9344,                 2.3086,                 1.8941,                0.31538,                0.35669,                0.20663,                0.08723,                 2.0012,                 3.6273,                 2.0413,              0.0010639,              0.0010639,              0.0010639
                      3,                 1.7678,                  2.141,                 1.7577,                0.35217,                0.41083,                0.22769,                0.09998,                 1.7798,                 3.0005,                 1.9601,              0.0012039,              0.0012039,              0.0012039
                      4,                 1.7564,                 2.1008,                 1.7661,                0.35018,                0.46178,                0.26392,                0.12123,                 1.7442,                 3.0951,                 1.8377,               0.000812,               0.000812,               0.000812
                      5,                 1.7118,                 2.0089,                 1.7154,                 0.3671,                0.49136,                0.28667,                0.12999,                 1.6928,                  2.761,                 1.8595,               0.000812,               0.000812,               0.000812
